1.    List all customer details.

mysql>select * from CUSTOMER;
+------+--------+-------------------+-----------+------------+
| C_ID | NAME   | ADDRESS           | CITY      | PH_NO      |
+------+--------+-------------------+-----------+------------+
|    1 | SREYA  | VADASSHERY        | THRISSUR  | 9447834920 |
|    2 | KUTTU  | PALLIPOZHIL       | VAYANAD   | 9449834920 |
|    3 | NEENU  | THEKKE PULLIYEAL  | KOZHIKODE | 9339834920 |
|    4 | NEETHU | PULLIYEAL         | CALICUT   | 9399834920 |
|    5 | GEETHU | THEKKEDATH        | KOZHIKODE | 8281126781 |
|    6 | REETHU | KIZHKKE PULLIYEAL | CALICUT   | 8299834420 |
|    7 | MEENU  | KIZHKKEDATH       | CALICUT   | 8199834420 |
+------+--------+-------------------+-----------+------------+
7 rows in set (0.00 sec)


--------------------------------------------------------------------------


2.    List pname, price of all products.

mysql> select P_NAME,PRICE from PRODUCT;
+---------------+-------+
| P_NAME        | PRICE |
+---------------+-------+
| PENCIL        |    26 |
| PEN           |    26 |
| NOTEBOOK      |    46 |
| BLUELady      |   561 |
| fog           |   612 |
| nudetwist     |   816 |
| floor cleaner |   918 |
+---------------+-------+
7 rows in set (0.00 sec)

--------------------------------------------------------------------------------------------------------------------
3.    List all invoice items, avoid duplicates.


mysql> SELECT DISTINCT INV_ID FROM INVOICE_ITEM;
+--------+
| INV_ID |
+--------+
|      2 |
|      4 |
+--------+
2 rows in set (0.01 sec)

-----------------------------------------------------------------------------------------------------------------

4.    List product price between 46rs and 816rs
mysql> select * from PRODUCT where PRICE between 46 and 816;
+------+-----------+-------+
| P_ID | P_NAME    | PRICE |
+------+-----------+-------+
|    3 | NOTEBOOK  |    46 |
|    4 | BLUELady  |   561 |
|    5 | fog       |   612 |
|    6 | nudetwist |   816 |
+------+-----------+-------+
4 rows in set (0.00 sec)

------------------------------------------------------------------------------------------------------------------
5.    List the customer details who lives in ‘THRISSUR’,’KOZHIKODE'.
mysql> select * from CUSTOMER where  CITY=' THRISSUR' or CITY='KOZHIKODE';
+------+--------+------------------+-----------+------------+
| C_ID | NAME   | ADDRESS          | CITY      | PH_NO      |
+------+--------+------------------+-----------+------------+
|    3 | NEENU  | THEKKE PULLIYEAL | KOZHIKODE | 9339834920 |
|    5 | GEETHU | THEKKEDATH       | KOZHIKODE | 8281126781 |
+------+--------+------------------+-----------+------------+
2 rows in set (0.00 sec)

-------------------------------------------------------------------------------------------------------------------
6.    List the invoice details from 1st January 2023 to 15th February 2023

mysql> select * from INVOICE_MASTER;
+--------+---------+------------+
| INV_ID | CUST_ID | INV_DATE   |
+--------+---------+------------+
|      1 |       1 | 2022-05-03 |
|      2 |       2 | 2022-06-03 |
|      3 |       3 | 2022-07-03 |
|      4 |       4 | 2022-08-03 |
|      6 |       6 | 2022-09-04 |
|      7 |       7 | 2022-09-05 |
|      9 |       2 | 2022-03-05 |
|     10 |       2 | 2022-03-05 |
+--------+---------+------------+
8 rows in set (0.00 sec)

mysql> select * from INVOICE_MASTER where INV_DATE between ' 2022-05-03' and  '2022-09-05';

+--------+---------+------------+
| INV_ID | CUST_ID | INV_DATE   |
+--------+---------+------------+
|      1 |       1 | 2022-05-03 |
|      2 |       2 | 2022-06-03 |
|      3 |       3 | 2022-07-03 |
|      4 |       4 | 2022-08-03 |
|      6 |       6 | 2022-09-04 |
|      7 |       7 | 2022-09-05 |
+--------+---------+------------+
6 rows in set, 8 warnings (0.00 sec)

-------------------------------------------------------------------------------------------

7.    List the customer details who not live in ‘CALICUT’.

mysql> select * from CUSTOMER WHERE CITY!="CALICUT";
+------+--------+------------------+-----------+------------+
| C_ID | NAME   | ADDRESS          | CITY      | PH_NO      |
+------+--------+------------------+-----------+------------+
|    1 | SREYA  | VADASSHERY       | THRISSUR  | 9447834920 |
|    2 | KUTTU  | PALLIPOZHIL      | VAYANAD   | 9449834920 |
|    3 | NEENU  | THEKKE PULLIYEAL | KOZHIKODE | 9339834920 |
|    5 | GEETHU | THEKKEDATH       | KOZHIKODE | 8281126781 |
+------+--------+------------------+-----------+------------+
4 rows in set (0.00 sec)
-------------------------------------------------------------------------------------------------

8.    List the customers who have no phone number.

mysql> INSERT INTO CUSTOMER (C_ID,NAME,ADDRESS,CITY) VALUES (8,'VINU','THEKKEDATH','IDUKKI');
Query OK, 1 row affected (0.00 sec)

mysql> select * from CUSTOMER WHERE PH_NO IS null;
+------+------+------------+--------+-------+
| C_ID | NAME | ADDRESS    | CITY   | PH_NO |
+------+------+------------+--------+-------+
|    8 | VINU | THEKKEDATH | IDUKKI | NULL  |
+------+------+------------+--------+-------+
1 row in set (0.00 sec)

--------------------------------------------------------------------------------------------------------

9.    Display customer names in descending order.
mysql> select  NAME from CUSTOMER ORDER BY NAME DESC;
+--------+
| NAME   |
+--------+
| VINU   |
| SREYA  |
| REETHU |
| NEETHU |
| NEENU  |
| MEENU  |
| KUTTU  |
| GEETHU |
+--------+
8 rows in set (0.00 sec)


--------------------------------------------------------------------------------------------------------

10. Display the customer details sorted in ascending by city and descending by names.

mysql> SELECT * FROM CUSTOMER ORDER BY CITY ASC, NAME DESC;
+------+--------+-------------------+-----------+------------+
| C_ID | NAME   | ADDRESS           | CITY      | PH_NO      |
+------+--------+-------------------+-----------+------------+
|    6 | REETHU | KIZHKKE PULLIYEAL | CALICUT   | 8299834420 |
|    4 | NEETHU | PULLIYEAL         | CALICUT   | 9399834920 |
|    7 | MEENU  | KIZHKKEDATH       | CALICUT   | 8199834420 |
|    8 | VINU   | THEKKEDATH        | IDUKKI    | NULL       |
|    3 | NEENU  | THEKKE PULLIYEAL  | KOZHIKODE | 9339834920 |
|    5 | GEETHU | THEKKEDATH        | KOZHIKODE | 8281126781 |
|    1 | SREYA  | VADASSHERY        | THRISSUR  | 9447834920 |
|    2 | KUTTU  | PALLIPOZHIL       | VAYANAD   | 9449834920 |
+------+--------+-------------------+-----------+------------+
8 rows in set (0.00 sec)
--------------------------------------------------------------------------------------------------------

11. Find the customer names start with ‘N’.

mysql> select  NAME from CUSTOMER WHERE NAME LIKE 'N%'; 
+--------+
| NAME   |
+--------+
| NEENU  |
| NEETHU |
+--------+
2 rows in set (0.00 sec)

--------------------------------------------------------------------------------------------------------

12. Find the customer names who have ‘N’ or ‘a’ in them.

mysql> select  NAME from CUSTOMER WHERE NAME LIKE '%N%' or NAME like'%a%';
+--------+
| NAME   |
+--------+
| SREYA  |
| NEENU  |
| NEETHU |
| MEENU  |
| VINU   |
+--------+
5 rows in set (0.00 sec)

 13. Find the customer names who have at least 6 characters.
--------------------------------------------------------------------------------------------------------

mysql> select  NAME from CUSTOMER WHERE NAME LIKE '______%';
+--------+
| NAME   |
+--------+
| NEETHU |
| GEETHU |
| REETHU |
+--------+
3 rows in set (0.00 sec)

--------------------------------------------------------------------------------------------------------
14. List the names of customers their names have ‘R’ in second position.
mysql> select  NAME from CUSTOMER WHERE NAME LIKE '_R%';
+-------+
| NAME  |
+-------+
| SREYA |
+-------+
1 row in set (0.00 sec)

--------------------------------------------------------------------------------------------------------

15. Find the customer names start with ‘N’ and are at least 3 characters in length.
mysql> select  NAME from CUSTOMER WHERE NAME LIKE 'N__%';
+--------+
| NAME   |
+--------+
| NEENU  |
| NEETHU |
+--------+
2 rows in set (0.00 sec)
