//  a) DML COMMANDS-INSERT
                       1.      Insert values in EMPLOYEE table.
                       2.      Insert values in STUDENT table.
                       3.      Insert values in INVOICE database. 
     
     
     
//1.      Insert values in EMPLOYEE table.


mysql>insert into employee1 values(01,'neenu','calicut',2001,123445678);
Query OK, 1 row affected (0.00 sec)

mysql> insert into employee1 values(02,'neena','calicut',2001,123445698);
Query OK, 1 row affected (0.00 sec)

mysql> insert into employee1 values(03,'meera','malapuram',2001,122445698);
Query OK, 1 row affected (0.00 sec)

mysql> insert into employee1 values(04,'dheera','kottayam',2001,123445798);
Query OK, 1 row affected (0.00 sec)

mysql> insert into employee1 values(05,'hera','kottayam',2001,123445748);
Query OK, 1 row affected (0.00 sec)

mysql> select *from employee1;
+------+----------+-----------+---------+-----------+
| SSN  | emp_name | emp_city  | emp_dob | adhaar_no |
+------+----------+-----------+---------+-----------+
|    1 | neenu    | calicut   |    2001 | 123445678 |
|    2 | neena    | calicut   |    2001 | 123445698 |
|    3 | meera    | malapuram |    2001 | 122445698 |
|    4 | dheera   | kottayam  |    2001 | 123445798 |
|    5 | hera     | kottayam  |    2001 | 123445748 |
+------+----------+-----------+---------+-----------+
5 rows in set (0.00 sec)



//  2.      Insert values in STUDENT table.
mysql> insert into students1 values(2,'aali',12,'male','thekke valappil');
Query OK, 1 row affected (0.00 sec)

insert into students1 values(4,'neha',15,'female','kakkatil');
Query OK, 1 row affected (0.00 sec)

insert into students1 values(5,'radha',15,'female','kakka poyil');
Query OK, 1 row affected (0.00 sec)
iinsert into students1 values(7,'gokul',18,'male',' calikulam');
Query OK, 1 row affected (0.00 sec)
insert into students1 values(6,'rahul',18,'male',' poyil');
Query OK, 1 row affected (0.00 sec)

select *from students1;
+---------+-------+------+--------+-----------------+
| roll_no | name  | age  | gender | address         |
+---------+-------+------+--------+-----------------+
|       2 | aali  |   12 | male   | thekke valappil |
|       3 | sneha |   15 | female | kakkatil        |
|       4 | neha  |   15 | female | kakkatil        |
|       5 | radha |   15 | female | kakka poyil     |
|       6 | rahul |   18 | male   |  poyil          |
|       7 | gokul |   18 | male   |  calikulam      |
+---------+-------+------+--------+-----------------+
6 rows in set (0.00 sec)

3.      Insert values in INVOICE database. 
      use INVOICE DATABASE;
mysql> SHOW TABLES;
+-------------------+
| Tables_in_INVOICE |
+-------------------+
| CUSTOMER          |
| INVOICE_ITEM      |
| INVOICE_MASTER    |
| PRODUCT           |
+-------------------+
4 rows in set (0.00 sec)
mysql> INSERT INTO CUSTOMER VALUES(01,'SREYA','VADASSHERY','THRISSUR',9447834920);
ERROR 1264 (22003): Out of range value for column 'PH_NO' at row 1
mysql> ALTER TABLE CUSTOMER MODIFY PH_NO VARCHAR(10);
Query OK, 0 rows affected (0.04 sec)
Records: 0  Duplicates: 0  Warnings: 0

mysql> DESC CUSTOMER;
+---------+-------------+------+-----+---------+-------+
| Field   | Type        | Null | Key | Default | Extra |
+---------+-------------+------+-----+---------+-------+
| C_ID    | int         | NO   | PRI | NULL    |       |
| NAME    | varchar(20) | YES  |     | NULL    |       |
| ADDRESS | varchar(35) | YES  |     | NULL    |       |
| CITY    | varchar(25) | YES  |     | NULL    |       |
| PH_NO   | varchar(10) | YES  |     | NULL    |       |
+---------+-------------+------+-----+---------+-------+
5 rows in set (0.00 sec)

mysql> INSERT INTO CUSTOMER VALUES(01,'SREYA','VADASSHERY','THRISSUR',9447834920);
Query OK, 1 row affected (0.00 sec)

mysql> INSERT INTO CUSTOMER VALUES(02,'KUTTU','PALLIPOZHIL','VAYANAD',9449834920);
Query OK, 1 row affected (0.00 sec)

mysql> INSERT INTO CUSTOMER VALUES(03,'NEENU','THEKKE PULLIYEAL','CALICUT',9339834920);
Query OK, 1 row affected (0.00 sec)

mysql> INSERT INTO CUSTOMER VALUES(04,'NEETHU','PULLIYEAL','CALICUT',9399834920);
Query OK, 1 row affected (0.00 sec)

mysql> INSERT INTO CUSTOMER VALUES(05,'GEETHU','VADAKKE PULLIYEAL','CALICUT',8299834920);
Query OK, 1 row affected (0.00 sec)

mysql> INSERT INTO CUSTOMER VALUES(06,'REETHU','KIZHKKE PULLIYEAL','CALICUT',8299834420);
Query OK, 1 row affected (0.00 sec)

mysql> INSERT INTO CUSTOMER VALUES(07,'MEENU','KIZHKKEDATH','CALICUT',8199834420);
Query OK, 1 row affected (0.00 sec)

INSERT INTO CUSTOMER (C_ID,NAME,ADDRESS,CITY) VALUE(8,'MANJU','THEKKE KUZHEEL','CALICUT');
Query OK, 1 row affected (0.00 sec)

mysql> SELECT * FROM CUSTOMER;
+------+--------+-------------------+----------+------------+
| C_ID | NAME   | ADDRESS           | CITY     | PH_NO      |
+------+--------+-------------------+----------+------------+
|    1 | SREYA  | VADASSHERY        | THRISSUR | 9447834920 |
|    2 | KUTTU  | PALLIPOZHIL       | VAYANAD  | 9449834920 |
|    3 | NEENU  | THEKKE PULLIYEAL  | CALICUT  | 9339834920 |
|    4 | NEETHU | PULLIYEAL         | CALICUT  | 9399834920 |
|    5 | GEETHU | VADAKKE PULLIYEAL | CALICUT  | 8299834920 |
|    6 | REETHU | KIZHKKE PULLIYEAL | CALICUT  | 8299834420 |
|    7 | MEENU  | KIZHKKEDATH       | CALICUT  | 8199834420 |
|    8 | MANJU  | THEKKE KUZHEEL    | CALICUT  | NULL       |
+------+--------+-------------------+----------+------------+
8 rows in set (0.00 sec)


//PRODUCT
Mysql> DESC PRODUCT;
+--------+-------------+------+-----+---------+-------+
| Field  | Type        | Null | Key | Default | Extra |
+--------+-------------+------+-----+---------+-------+
| P_ID   | int         | NO   | PRI | NULL    |       |
| P_NAME | varchar(15) | YES  |     | NULL    |       |
| PRICE  | int         | YES  |     | 0       |       |
+--------+-------------+------+-----+---------+-------+
3 rows in set (0.00 sec)


mysql> INSERT INTO PRODUCT VALUES(001,'PENCIL',25);
Query OK, 1 row affected (0.01 sec)

mysql> INSERT INTO PRODUCT VALUES(002,'PEN',25);
Query OK, 1 row affected (0.00 sec)

mysql> INSERT INTO PRODUCT VALUES(003,'NOTEBOOK',55);
Query OK, 1 row affected (0.00 sec)

mysql> INSERT INTO PRODUCT VALUES(004,'BLUELady',550);
Query OK, 1 row affected (0.01 sec)

mysql> INSERT INTO PRODUCT VALUES(005,'fog',600);
Query OK, 1 row affected (0.00 sec)

mysql> INSERT INTO PRODUCT VALUES(006,'nudetwist',800);
Query OK, 1 row affected (0.00 sec)

mysql> INSERT INTO PRODUCT VALUES(007,'floor cleaner',900);
Query OK, 1 row affected (0.00 sec)
mysql> select * from PRODUCT ;
+------+---------------+-------+
| P_ID | P_NAME        | PRICE |
+------+---------------+-------+
|    1 | PENCIL        |    25 |
|    2 | PEN           |    25 |
|    3 | NOTEBOOK      |    55 |
|    4 | BLUELady      |   550 |
|    5 | fog           |   600 |
|    6 | nudetwist     |   800 |
|    7 | floor cleaner |   900 |
+------+---------------+-------+
7 rows in set (0.00 sec)

//INVOICE _MASTER
mysql> DESC INVOICE_MASTER;
+----------+------+------+-----+---------+-------+
| Field    | Type | Null | Key | Default | Extra |
+----------+------+------+-----+---------+-------+
| INV_ID   | int  | NO   | PRI | NULL    |       |
| CUST_ID  | int  | YES  | MUL | NULL    |       |
| INV_DATE | date | YES  |     | NULL    |       |
+----------+------+------+-----+---------+-------+
3 rows in set (0.01 sec)

mysql> INSERT INTO INVOICE_MASTER VALUES(001,1,'2022-05-03');
Query OK, 1 row affected (0.01 sec)

mysql> INSERT INTO INVOICE_MASTER VALUES(002,2,'2022-06-03');
Query OK, 1 row affected (0.00 sec)

mysql> INSERT INTO INVOICE_MASTER VALUES(003,3,'2022-07-03');
Query OK, 1 row affected (0.00 sec)

mysql> INSERT INTO INVOICE_MASTER VALUES(004,4,'2022-08-03');
Query OK, 1 row affected (0.00 sec)

mysql> INSERT INTO INVOICE_MASTER VALUES(005,5,'2022-09-03');
Query OK, 1 row affected (0.01 sec)

mysql> INSERT INTO INVOICE_MASTER VALUES(006,6,'2022-09-04');
Query OK, 1 row affected (0.01 sec)

mysql> INSERT INTO INVOICE_MASTER VALUES(007,7,'2022-09-05');
Query OK, 1 row affected (0.00 sec)

mysql> SELECT * FROM INVOICE_MASTER;
+--------+---------+------------+
| INV_ID | CUST_ID | INV_DATE   |
+--------+---------+------------+
|      1 |       1 | 2022-05-03 |
|      2 |       2 | 2022-06-03 |
|      3 |       3 | 2022-07-03 |
|      4 |       4 | 2022-08-03 |
|      5 |       5 | 2022-09-03 |
|      6 |       6 | 2022-09-04 |
|      7 |       7 | 2022-09-05 |
+--------+---------+------------+
7 rows in set (0.00 sec)

//INVOICE_ITEM
