
EXPERIMENT NO: 1.8 OPTIMIZING DATABASE: (JOINS)
**************************************************

1.     List the product name and quantity of invoice items.



mysql> select * from PRODUCT;
+------+---------------+-------+
| P_ID | P_NAME        | PRICE |
+------+---------------+-------+
|    1 | PENCIL        |    26 |
|    2 | PEN           |    26 |
|    3 | NOTEBOOK      |    46 |
|    4 | BLUELady      |   561 |
|    5 | fog           |   612 |
|    6 | nudetwist     |   816 |
|    7 | floor cleaner |   918 |
+------+---------------+-------+
7 rows in set (0.00 sec)

mysql> select * from CUSTOMER;
+------+--------+-------------------+-----------+------------+
| C_ID | NAME   | ADDRESS           | CITY      | PH_NO      |
+------+--------+-------------------+-----------+------------+
|    1 | SREYA  | VADASSHERY        | THRISSUR  | 9447834920 |
|    2 | KUTTU  | PALLIPOZHIL       | VAYANAD   | 9449834920 |
|    3 | NEENU  | THEKKE PULLIYEAL  | KOZHIKODE | 9339834920 |
|    4 | NEETHU | PULLIYEAL         | CALICUT   | 9399834920 |
|    5 | GEETHU | THEKKEDATH        | KOZHIKODE | 8281126781 |
|    6 | REETHU | KIZHKKE PULLIYEAL | CALICUT   | 8299834420 |
|    7 | MEENU  | KIZHKKEDATH       | CALICUT   | 8199834420 |
|    8 | VINU   | THEKKEDATH        | IDUKKI    | NULL       |
+------+--------+-------------------+-----------+------------+
8 rows in set (0.00 sec)

mysql> select * from INVOICE_MASTER;
+--------+---------+------------+
| INV_ID | CUST_ID | INV_DATE   |
+--------+---------+------------+
|      1 |       1 | 2022-05-03 |
|      2 |       2 | 2022-06-03 |
|      3 |       3 | 2022-07-03 |
|      4 |       4 | 2022-08-03 |
|      6 |       6 | 2022-09-04 |
|      7 |       7 | 2022-09-05 |
|      9 |       2 | 2022-03-05 |
|     10 |       2 | 2022-03-05 |
+--------+---------+------------+
8 rows in set (0.00 sec)

mysql> select * from INVOICE_ITEM;
+--------+------+----------+
| INV_ID | PID  | QUANTITY |
+--------+------+----------+
|      2 |    4 |       32 |
|      4 |    3 |       25 |
|      4 |    4 |       25 |
+--------+------+----------+
3 rows in set (0.00 sec)


1.     List the product name and quantity of invoice items.

mysql> select PRODUCT.P_NAME, INVOICE_ITEM.QUANTITY from PRODUCT inner join INVOICE_ITEM on PRODUCT.P_ID=INVOICE_ITEM.PID;
+----------+----------+
| P_NAME   | QUANTITY |
+----------+----------+
| BLUELady |       32 |
| NOTEBOOK |       25 |
| BLUELady |       25 |
+----------+----------+
3 rows in set (0.00 sec)
---------------------------------------------------------------------------------------------------------------------------

2.    Display invoice details of the transaction dated ’2022-08-03’.


mysql> select CUSTOMER.NAME,PRODUCT.P_NAME,PRODUCT.PRICE,INVOICE_MASTER.INV_ID,INVOICE_MASTER.INV_DATE,INVOICE_ITEM.QUANTITY from CUSTOMER inner join INVOICE_MASTER on CUSTOMER.C_ID=INVOICE_MASTER.CUST_ID inner join INVOICE_ITEM on INVOICE_MASTER.INV_ID=INVOICE_ITEM.INV_ID Inner join PRODUCT on PRODUCT.P_ID=INVOICE_ITEM.PID where INV_DATE='2022-08-03';
+--------+----------+-------+--------+------------+----------+
| NAME   | P_NAME   | PRICE | INV_ID | INV_DATE   | QUANTITY |
+--------+----------+-------+--------+------------+----------+
| NEETHU | NOTEBOOK |    46 |      4 | 2022-08-03 |       25 |
| NEETHU | BLUELady |   561 |      4 | 2022-08-03 |       25 |
+--------+----------+-------+--------+------------+----------+
2 rows in set (0.00 sec)

-----------------------------------------------------------------------------------------------------------------------------


3.    Display the customer name, product name, invoice date of purchased item ‘BLUELADY’.

mysql> select CUSTOMER.NAME,PRODUCT.P_NAME,INVOICE_MASTER.INV_DATE from CUSTOMER inner join INVOICE_MASTER on CUSTOMER.C_ID=INVOICE_MASTER.CUST_ID inner join INVOICE_ITEM on INVOICE_MASTER.INV_ID=INVOICE_ITEM.INV_ID inner join PRODUCT on PRODUCT.P_ID=INVOICE_ITEM.PID where P_NAME='BLUELADY';
+--------+----------+------------+
| NAME   | P_NAME   | INV_DATE   |
+--------+----------+------------+
| KUTTU  | BLUELady | 2022-06-03 |
| NEETHU | BLUELady | 2022-08-03 |
+--------+----------+------------+
2 rows in set (0.00 sec)

------------------------------------------------------------------------------------------------------------------------------

4.    Display all customer details and invoice details must include customer has not purchased items.

mysql>  select CUSTOMER.NAME,PRODUCT.P_NAME,INVOICE_MASTER.INV_ID,INVOICE_MASTER.INV_DATE from CUSTOMER left join INVOICE_MASTER on CUSTOMER.C_ID=INVOICE_MASTER.CUST_ID left join INVOICE_ITEM on INVOICE_MASTER.INV_ID=INVOICE_ITEM.INV_ID left join PRODUCT on PRODUCT.P_ID=INVOICE_ITEM.PID;
+--------+----------+--------+------------+
| NAME   | P_NAME   | INV_ID | INV_DATE   |
+--------+----------+--------+------------+
| SREYA  | NULL     |      1 | 2022-05-03 |
| KUTTU  | BLUELady |      2 | 2022-06-03 |
| KUTTU  | NULL     |      9 | 2022-03-05 |
| KUTTU  | NULL     |     10 | 2022-03-05 |
| NEENU  | NULL     |      3 | 2022-07-03 |
| NEETHU | BLUELady |      4 | 2022-08-03 |
| NEETHU | NOTEBOOK |      4 | 2022-08-03 |
| GEETHU | NULL     |   NULL | NULL       |
| REETHU | NULL     |      6 | 2022-09-04 |
| MEENU  | NULL     |      7 | 2022-09-05 |
| VINU   | NULL     |   NULL | NULL       |
+--------+----------+--------+------------+
11 rows in set (0.00 sec)
********************************************************************************************************************* 
//VERIFIED
