EXPERIMENT NO: 2.1	- PL/SQL PROGRAMS- STORED PROCEDURES 

1.      Create a procedure to display all tables in the invoice database.


mysql> delimiter //
mysql> create procedure INVOICE_tabless()
    -> begin
    -> select *from CUSTOMER;
    -> select *from INVOICE_MASTER;
    -> select *from INVOICE_ITEM;
    -> select *from PRODUCT;
    -> end //
Query OK, 0 rows affected (0.00 sec)

mysql> call INVOICE_tabless();
    ->  //
+------+--------+-------------------+-----------+------------+
| C_ID | NAME   | ADDRESS           | CITY      | PH_NO      |
+------+--------+-------------------+-----------+------------+
|    1 | SREYA  | VADASSHERY        | THRISSUR  | 9447834920 |
|    2 | KUTTU  | PALLIPOZHIL       | VAYANAD   | 9449834920 |
|    3 | NEENU  | THEKKE PULLIYEAL  | KOZHIKODE | 9339834920 |
|    4 | NEETHU | PULLIYEAL         | CALICUT   | 9399834920 |
|    5 | GEETHU | THEKKEDATH        | KOZHIKODE | 8281126781 |
|    6 | REETHU | KIZHKKE PULLIYEAL | CALICUT   | 8299834420 |
|    7 | MEENU  | KIZHKKEDATH       | CALICUT   | 8199834420 |
|    8 | VINU   | THEKKEDATH        | IDUKKI    | NULL       |
+------+--------+-------------------+-----------+------------+
8 rows in set (0.00 sec)

+--------+---------+------------+
| INV_ID | CUST_ID | INV_DATE   |
+--------+---------+------------+
|      1 |       1 | 2022-05-03 |
|      2 |       2 | 2022-06-03 |
|      3 |       3 | 2022-07-03 |
|      4 |       4 | 2022-08-03 |
|      6 |       6 | 2022-09-04 |
|      7 |       7 | 2022-09-05 |
|      9 |       2 | 2022-03-05 |
|     10 |       2 | 2022-03-05 |
+--------+---------+------------+
8 rows in set (0.00 sec)

+--------+------+----------+
| INV_ID | PID  | QUANTITY |
+--------+------+----------+
|      2 |    4 |       32 |
|      4 |    3 |       25 |
|      4 |    4 |       25 |
+--------+------+----------+
3 rows in set (0.00 sec)

+------+---------------+-------+
| P_ID | P_NAME        | PRICE |
+------+---------------+-------+
|    1 | PENCIL        |    31 |
|    2 | PEN           |    31 |
|    3 | NOTEBOOK      |    51 |
|    4 | BLUELady      |   566 |
|    5 | fog           |   617 |
|    6 | nudetwist     |   821 |
|    7 | floor cleaner |   923 |
+------+---------------+-------+
7 rows in set (0.00 sec)

Query OK, 0 rows affected (0.00 sec)



--------------------------------------------------------------------

2.      Create a procedure to find greatest of 3 numbers.










3.      Create a procedure to display invoice details of a particular customer.
